{
  "module": "HeteroDataSplit",
  "needConfig": true,
  "roles": ["common"],
  "param": [
      {
          "order": 1,
          "key": "test_size",
          "name": "测试数据集大小",
          "sub_key": null,
          "sub_name": null,
          "type": "float",
          "enum": null,
          "options": [],
          "default": 0.6,
          "show": 1,
          "condition_inner": true,
          "condition_field": "",
          "condition_value": "",
          "component": "Input"
      },
      {
          "order": 2,
          "key": "train_size",
          "name": "训练数据集大小",
          "sub_key": null,
          "sub_name": null,
          "type": "float",
          "enum": null,
          "options": [],
          "default": 0.2,
          "show": 1,
          "condition_inner": true,
          "condition_field": "",
          "condition_value": "",
          "component": "Input"
      },
      {
          "order": 3,
          "key": "validate_size",
          "name": "验证数据集大小",
          "sub_key": null,
          "sub_name": null,
          "type": "float",
          "enum": null,
          "options": [],
          "default": 0.2,
          "show": 1,
          "condition_inner": true,
          "condition_field": "",
          "condition_value": "",
          "component": "Input"
      },
      {
          "order": 4,
          "key": "stratified",
          "name": "签值定义是否应分层抽样",
          "sub_key": null,
          "sub_name": null,
          "type": "bool",
          "enum": null,
          "options": [],
          "default": false,
          "show": 1,
          "condition_inner": true,
          "condition_field": "",
          "condition_value": "",
          "component": "Radio"
      },
      {
          "order": 5,
          "key": "split_points",
          "name": "将连续标签值分入bin以进行分层拆分的点",
          "sub_key": null,
          "sub_name": null,
          "type": "json",
          "enum": null,
          "options": [],
          "default": null,
          "show": 1,
          "condition_inner": true,
          "condition_field": "stratified",
          "condition_value": true,
          "component": "Input"
      },
      {
          "order": 6,
          "key": "shuffle",
          "name": "是否在拆分前进行shuffle",
          "sub_key": null,
          "sub_name": null,
          "type": "bool",
          "enum": null,
          "options": [],
          "default": true,
          "show": 1,
          "condition_inner": true,
          "condition_field": "",
          "condition_value": "",
          "component": "Radio"
      },
      {
          "order": 7,
          "key": "random_state",
          "name": "shuffle中随机state",
          "sub_key": null,
          "sub_name": null,
          "type": "json",
          "enum": null,
          "options": [],
          "default": null,
          "show": 1,
          "condition_inner": true,
          "condition_field": "shuffle",
          "condition_value": true,
          "component": "Input"
      }
  ]
}
