{
  "module":"HeteroLinR",
  "param":[
      {
          "key":"optimizer",
          "name":"优化器",
          "sub_key":null,
          "sub_name":null,
          "type":"str",
          "enum":[
              "sgd",
              "rmsprop",
              "adam",
              "sqn",
              "adagrad"
          ],
          "default":"rmsprop",
          "show":1
      },
      {
          "key":"learning_rate",
          "name":"学习率",
          "sub_key":null,
          "sub_name":null,
          "type":"float",
          "enum":null,
          "default":0.01,
          "show":1
      },
      {
          "key":"max_iter",
          "name":"训练的最大迭代次数",
          "sub_key":null,
          "sub_name":null,
          "type":"int",
          "enum":null,
          "default":20,
          "show":1
      },
      {
          "key":"early_stop",
          "name":"收敛方法",
          "sub_key":null,
          "sub_name":null,
          "type":"str",
          "enum":[
              "diff",
              "abs",
              "weight_dff"
          ],
          "default":"diff",
          "show":1
      }
  ]
}