{
  "module": "DataTransform",
  "needConfig": true,
  "roles": ["guest", "host"],
  "param": [
      {
          "order": 1,
          "key": "need_run",
          "name": "是否运行",
          "sub_key": null,
          "sub_name": null,
          "type": "bool",
          "enum": [],
          "options": [],
          "default": true,
          "show": 1,
          "condition_inner": true,
          "condition_field": "",
          "condition_value": "",
          "component": "Radio"
      },
      {
          "order": 2,
          "key": "data_type",
          "name": "输入数据类型",
          "sub_key": null,
          "sub_name": null,
          "type": "str",
          "enum": ["int", "float", "long", "float64", "int64", "str"],
          "options": ["int", "float", "long", "float64", "int64", "str"],
          "default": "float64",
          "show": 1,
          "condition_inner": true,
          "condition_field": "need_run",
          "condition_value": true,
          "component": "Select"
      },
      {
          "order": 3,
          "key": "delimitor",
          "name": "输入数据分隔符",
          "sub_key": null,
          "sub_name": null,
          "type": "str",
          "enum": null,
          "options": [],
          "default": ",",
          "show": 1,
          "condition_inner": true,
          "condition_field": "need_run",
          "condition_value": true,
          "component": "Input"
      },
      {
          "order": 4,
          "key": "exclusive_data_type",
          "name": "输入数据每个字段类型",
          "sub_key": null,
          "sub_name": null,
          "type": "json",
          "enum": null,
          "options": [],
          "default": null,
          "show": 1,
          "condition_inner": true,
          "condition_field": "need_run",
          "condition_value": true,
          "component": "Input"
      },
      {
          "order": 5,
          "key": "missing_fill",
          "name": "是否需要填写遗漏值",
          "sub_key": null,
          "sub_name": null,
          "type": "bool",
          "enum": null,
          "options": [],
          "default": false,
          "show": 1,
          "condition_field": "need_run",
          "condition_value": true,
          "component": "Radio",
          "children": [
              {
                  "order": 8,
                  "key": "missing_fill_method",
                  "name": "替换遗漏值的方法",
                  "sub_key": null,
                  "sub_name": null,
                  "type": "str",
                  "enum": ["min", "max", "mean", "designated", "null"],
                  "options": ["min", "max", "mean", "designated", "null"],
                  "default": null,
                  "show": 1,
                  "condition_inner": true,
                  "condition_field": "missing_fill",
                  "condition_value": true,
                  "component": "Select",
                  "children": [
                      {
                          "order": 1,
                          "key": "default_value",
                          "name": "替换遗漏值的默认值",
                          "sub_key": null,
                          "sub_name": null,
                          "type": "str",
                          "enum": null,
                          "options": [],
                          "default": "0",
                          "show": 1,
                          "condition_inner": true,
                          "condition_field": "missing_fill_method",
                          "condition_value": "designated",
                          "component": "Input"
                      }
                  ]
              }
          ]
      },
      {
          "order": 6,
          "key": "outlier_replace",
          "name": "是否需要填写异常值",
          "sub_key": null,
          "sub_name": null,
          "type": "bool",
          "enum": null,
          "options": [],
          "default": false,
          "show": 1,
          "condition_field": "need_run",
          "condition_value": true,
          "component": "Radio",
          "children": [
              {
                  "key": "outlier_replace_method",
                  "name": "替换异常值的方法",
                  "sub_key": null,
                  "sub_name": null,
                  "type": "str",
                  "enum": ["min", "max", "mean", "designated", "null"],
                  "options": ["min", "max", "mean", "designated", "null"],
                  "default": null,
                  "show": 1,
                  "condition_field": "outlier_replace",
                  "condition_value": true,
                  "component": "Select",
                  "children": [
                      {
                          "order": 1,
                          "key": "outlier_replace_value",
                          "name": "替换异常值的默认值",
                          "sub_key": null,
                          "sub_name": null,
                          "type": "str",
                          "enum": null,
                          "options": [],
                          "default": "0",
                          "show": 1,
                          "condition_inner": true,
                          "condition_field": "outlier_replace_method",
                          "condition_value": "designated",
                          "component": "Input"
                      }
                  ]
              }
          ]
      },
      {
          "order": 7,
          "key": "with_label",
          "name": "输入数据是否包含label",
          "sub_key": null,
          "sub_name": null,
          "type": "bool",
          "enum": null,
          "options": [],
          "default": false,
          "show": 1,
          "condition_inner": true,
          "condition_field": "need_run",
          "condition_value": true,
          "component": "Radio",
          "children": [
              {
                  "order": 1,
                  "key": "label_name",
                  "name": "标签所在列的列名",
                  "sub_key": null,
                  "sub_name": null,
                  "type": "str",
                  "enum": null,
                  "options": [],
                  "default": "y",
                  "show": 1,
                  "condition_field": "with_label",
                  "condition_value": true,
                  "component": "Input"
              },
              {
                  "order": 2,
                  "key": "label_type",
                  "name": "标签所在列的类型",
                  "sub_key": null,
                  "sub_name": null,
                  "type": "str",
                  "enum": ["int", "float", "long", "int64", "float64", "str"],
                  "options": [
                      "int",
                      "float",
                      "long",
                      "int64",
                      "float64",
                      "str"
                  ],
                  "default": "int",
                  "show": 1,
                  "condition_inner": true,
                  "condition_field": "with_label",
                  "condition_value": true,
                  "component": "Select"
              }
          ]
      }
  ]
}
