{
  "module": "HeteroPearson",
  "needConfig": true,
  "roles": ["guest", "host"],
  "param": [
      {
          "order": 1,
          "key": "need_run",
          "name": "是否需要运行",
          "sub_key": null,
          "sub_name": null,
          "type": "bool",
          "enum": null,
          "options": [],
          "default": true,
          "show": 1,
          "condition_inner": true,
          "condition_field": "",
          "condition_value": "",
          "component": "Radio"
      },
      {
          "order": 2,
          "key": "column_names",
          "name": "列名称",
          "sub_key": null,
          "sub_name": null,
          "type": "int",
          "enum": null,
          "options": [],
          "default": -1,
          "show": 1,
          "condition_inner": true,
          "condition_field": "need_run",
          "condition_value": true,
          "component": "Input"
      },
      {
          "order": 3,
          "key": "column_indexes",
          "name": "列索引",
          "sub_key": null,
          "sub_name": null,
          "type": "list",
          "enum": null,
          "options": [],
          "default": -1,
          "show": 1,
          "condition_inner": true,
          "condition_field": "need_run",
          "condition_value": true,
          "component": "Input"
      },
      {
          "order": 4,
          "key": "cross_parties",
          "name": "是否计算列相关性",
          "sub_key": null,
          "sub_name": null,
          "type": "bool",
          "enum": null,
          "options": [],
          "default": true,
          "show": 1,
          "condition_inner": true,
          "condition_field": "need_run",
          "condition_value": true,
          "component": "Radio"
      },
      {
          "order": 5,
          "key": "use_mix_rand",
          "name": "是否开启最小随机数",
          "sub_key": null,
          "sub_name": null,
          "type": "bool",
          "enum": null,
          "options": [],
          "default": false,
          "show": 1,
          "condition_inner": true,
          "condition_field": "need_run",
          "condition_value": true,
          "component": "Radio"
      }
  ]
}
