{
  "module": "HomoSecureBoost",
  "needConfig": true,
  "roles": ["common"],
  "param": [
      {
          "order": 1,
          "key": "task_type",
          "name": "任务类型",
          "sub_key": null,
          "sub_name": null,
          "type": "str",
          "enum": ["classification", "regression"],
          "options": ["classification", "regression"],
          "default": "classification",
          "show": 1,
          "condition_inner": true,
          "condition_field": "",
          "condition_value": "",
          "component": "Select"
      },
      {
          "order": 9,
          "key": "objective",
          "name": "目标参数",
          "sub_key": "objective_param",
          "sub_name": "目标",
          "type": "str",
          "enum": [
              "cross_entropy",
              "lse",
              "lae",
              "log_cosh",
              "tweedie",
              "fair",
              "huber"
          ],
          "options": [
              "cross_entropy",
              "lse",
              "lae",
              "log_cosh",
              "tweedie",
              "fair",
              "huber"
          ],
          "default": "cross_entropy",
          "show": 1,
          "condition_inner": true,
          "condition_field": "",
          "condition_value": "",
          "component": "Select"
      },
      {
          "order": 10,
          "key": "learning_rate",
          "name": "学习率",
          "sub_key": null,
          "sub_name": null,
          "type": "float",
          "enum": null,
          "options": [],
          "default": 0.3,
          "show": 1,
          "condition_inner": true,
          "condition_field": "",
          "condition_value": "",
          "component": "Input"
      },
      {
          "order": 11,
          "key": "num_trees",
          "name": "要构建的最大树数",
          "sub_key": null,
          "sub_name": null,
          "type": "float",
          "enum": null,
          "options": [],
          "default": 5,
          "show": 1,
          "condition_inner": true,
          "condition_field": "",
          "condition_value": "",
          "component": "Input"
      },
      {
          "order": 14,
          "key": "n_iter_no_change",
          "name": "n_iter_no_change",
          "sub_key": null,
          "sub_name": null,
          "type": "bool",
          "enum": null,
          "options": [],
          "default": true,
          "show": 1,
          "condition_inner": true,
          "condition_field": "",
          "condition_value": "",
          "component": "Radio"
      }
  ]
}
