{
  "module": "Scorecard",
  "needConfig": true,
  "roles": ["guest", "host"],
  "param": [
      {
          "order": 1,
          "key": "need_run",
          "name": "是否需要运行",
          "sub_key": null,
          "sub_name": null,
          "type": "bool",
          "enum": null,
          "options": [],
          "default": true,
          "show": 1,
          "condition_inner": true,
          "condition_field": "",
          "condition_value": "",
          "component": "Radio"
      },
      {
          "order": 2,
          "key": "offset",
          "name": "offset",
          "sub_key": null,
          "sub_name": null,
          "type": "int",
          "enum": null,
          "options": [],
          "default": 500,
          "show": 1,
          "condition_inner": true,
          "condition_field": "need_run",
          "condition_value": true,
          "component": "Input"
      },
      {
          "order": 3,
          "key": "factor",
          "name": "factor",
          "sub_key": null,
          "sub_name": null,
          "type": "int",
          "enum": null,
          "options": [],
          "default": 50,
          "show": 1,
          "condition_inner": true,
          "condition_field": "need_run",
          "condition_value": true,
          "component": "Input"
      },
      {
          "order": 4,
          "key": "factor_base",
          "name": "factor_base",
          "sub_key": null,
          "sub_name": null,
          "type": "int",
          "enum": null,
          "options": [],
          "default": 2,
          "show": 1,
          "condition_inner": true,
          "condition_field": "need_run",
          "condition_value": true,
          "component": "Input"
      },
      {
          "order": 5,
          "key": "upper_limit_ratio",
          "name": "upper_limit_ratio",
          "sub_key": null,
          "sub_name": null,
          "type": "int",
          "enum": null,
          "options": [],
          "default": 3,
          "show": 1,
          "condition_inner": true,
          "condition_field": "need_run",
          "condition_value": true,
          "component": "Input"
      },
      {
          "order": 6,
          "key": "lower_limit_value",
          "name": "lower_limit_value",
          "sub_key": null,
          "sub_name": null,
          "type": "int",
          "enum": null,
          "options": [],
          "default": 0,
          "show": 1,
          "condition_inner": true,
          "condition_field": "need_run",
          "condition_value": true,
          "component": "Input"
      },
      {
          "order": 7,
          "key": "bin_width",
          "name": "bin_width",
          "sub_key": null,
          "sub_name": null,
          "type": "int",
          "enum": null,
          "options": [],
          "default": 50,
          "show": 1,
          "condition_inner": true,
          "condition_field": "need_run",
          "condition_value": true,
          "component": "Input"
      }
  ]
}
