{
  "module": "HeteroSSHELR",
  "needConfig": true,
  "roles": ["common"],
  "param": [
      {
          "order": 1,
          "key": "penalty",
          "name": "penalty",
          "sub_key": null,
          "sub_name": null,
          "type": "str",
          "enum": ["L1", "L2", "None"],
          "options": ["L1", "L2", "None"],
          "default": "L2",
          "show": 1,
          "condition_inner": true,
          "condititon_field": "",
          "condititon_value": "",
          "component": "Select"
      },
      {
          "order": 4,
          "key": "optimizer",
          "name": "optimizer",
          "sub_key": null,
          "sub_name": null,
          "type": "str",
          "enum": [
              "rmsprop",
              "sgd",
              "adam",
              "nesterov_momentum_sgd",
              "adagrad"
          ],
          "options": [
              "rmsprop",
              "sgd",
              "adam",
              "nesterov_momentum_sgd",
              "adagrad"
          ],
          "default": "sgd",
          "show": 1,
          "condition_inner": true,
          "condititon_field": "",
          "condititon_value": "",
          "component": "Select"
      },
      {
          "order": 6,
          "key": "learning_rate",
          "name": "learning_rate",
          "sub_key": null,
          "sub_name": null,
          "type": "float",
          "enum": null,
          "options": [],
          "default": 0.01,
          "show": 1,
          "condition_inner": true,
          "condititon_field": "",
          "condition_value": "",
          "component": "Input"
      },
      {
          "order": 7,
          "key": "max_iter",
          "name": "max_iter",
          "sub_key": null,
          "sub_name": null,
          "type": "int",
          "enum": null,
          "options": [],
          "default": 100,
          "show": 1,
          "condition_inner": true,
          "condititon_field": "",
          "condition_value": "",
          "component": "Input"
      },
      {
          "order": 8,
          "key": "early_stop",
          "name": "early_stop",
          "sub_key": null,
          "sub_name": null,
          "type": "str",
          "enum": ["diff", "weight_diff", "abs"],
          "options": ["diff", "weight_diff", "abs"],
          "default": "diff",
          "show": 1,
          "condition_inner": true,
          "condition_field": "",
          "condition_value": "",
          "component": "Select"
      }
  ]
}
