{
  "module": "FederatedSample",
  "needConfig": true,
  "roles": ["common"],
  "param": [
      {
          "order": 1,
          "key": "mode",
          "name": "采样方式",
          "sub_key": null,
          "sub_name": null,
          "type": "str",
          "enum": ["random", "stratified"],
          "options": ["random", "stratified"],
          "default": "random",
          "show": 1,
          "condition_inner": true,
          "condition_field": "",
          "condition_value": "",
          "component": "Select"
      },
      {
          "order": 2,
          "key": "method",
          "name": "采样方法",
          "sub_key": null,
          "sub_name": null,
          "type": "str",
          "enum": ["downsample", "upsample"],
          "options": ["downsample", "upsample"],
          "default": "downsample",
          "show": 1,
          "condition_inner": true,
          "condition_field": "",
          "condition_value": "",
          "component": "Select"
      },
      {
          "order": 3,
          "key": "fractions",
          "name": "分数",
          "sub_key": null,
          "sub_name": null,
          "type": "float",
          "enum": null,
          "options": null,
          "default": 0.8,
          "show": 1,
          "condition_inner": true,
          "condition_field": "",
          "condition_value": "",
          "component": "Input"
      }
  ]
}
